residue,avg_rmsf_all_ph
30,0.18873833333333334
31,0.12387277777777778
32,0.15853333333333333
33,0.11159277777777778
34,0.1408711111111111
35,0.15716444444444444
36,0.12465666666666667
37,0.13338833333333333
38,0.09333388888888888
39,0.12545666666666666
40,0.09727555555555556
41,0.10451777777777777
42,0.12230333333333333
43,0.12846666666666667
44,0.1084161111111111
45,0.09585666666666667
46,0.08079555555555556
47,0.12139166666666666
48,0.07717388888888889
49,0.09261555555555556
50,0.09465611111111111
51,0.1123838888888889
52,0.11621999999999999
53,0.15823333333333334
54,0.16607444444444444
55,0.14420611111111112
56,0.17661500000000002
57,0.16154
58,0.1290888888888889
59,0.11922222222222222
60,0.08917611111111111
61,0.09927166666666666
62,0.062035
63,0.11082333333333333
64,0.09620111111111111
65,0.13611722222222222
66,0.1652
67,0.19369666666666668
68,0.2426872222222222
69,0.20126222222222223
70,0.15011888888888889
71,0.15421222222222222
72,0.11700611111111112
73,0.0786788888888889
74,0.07748555555555556
75,0.1324238888888889
76,0.1251611111111111
77,0.11102333333333333
78,0.15701944444444446
79,0.09235333333333334
80,0.10695722222222222
81,0.13471166666666667
82,0.13379722222222223
83,0.09592722222222222
84,0.14530555555555555
85,0.15221944444444446
86,0.09616222222222222
87,0.08418722222222222
88,0.10677777777777778
89,0.09652444444444444
90,0.12489888888888889
91,0.12109166666666667
92,0.11664777777777778
93,0.08128777777777778
94,0.06670277777777778
95,0.08228055555555555
96,0.08638722222222223
97,0.13844555555555557
98,0.10239111111111111
99,0.09158166666666667
100,0.10564166666666666
101,0.11773666666666667
102,0.150365
103,0.08724555555555555
104,0.10610555555555555
105,0.09750222222222221
106,0.10810388888888889
107,0.07412166666666667
108,0.08989555555555556
109,0.07466055555555556
110,0.09428333333333333
111,0.09952555555555556
112,0.11388833333333334
113,0.16041222222222223
114,0.20878666666666668
115,0.19184166666666666
116,0.18078444444444444
117,0.1931622222222222
118,0.1573538888888889
119,0.1364238888888889
120,0.11459
121,0.13523666666666667
122,0.10520555555555555
123,0.1329061111111111
124,0.08949111111111112
125,0.14050944444444446
126,0.08677055555555556
127,0.11115055555555554
128,0.09881055555555557
129,0.10983055555555556
130,0.10806666666666667
131,0.10102611111111111
132,0.09120500000000001
133,0.09234
134,0.1323777777777778
135,0.08553166666666666
136,0.11985166666666666
137,0.09727999999999999
138,0.1322127777777778
139,0.13067666666666666
140,0.13468555555555556
141,0.194485
142,0.19647611111111113
143,0.15523444444444445
144,0.17051444444444444
145,0.15232
146,0.14856833333333333
147,0.17180833333333334
148,0.1701472222222222
149,0.11067388888888889
150,0.11622444444444444
151,0.09513833333333332
152,0.10883388888888888
153,0.08678333333333334
154,0.10334166666666667
155,0.09823944444444445
156,0.17996055555555557
157,0.13051555555555555
158,0.10974222222222223
159,0.12046333333333334
160,0.1212961111111111
161,0.12126444444444445
162,0.09361722222222223
163,0.12737833333333334
164,0.07989555555555555
165,0.07471888888888889
166,0.06390944444444444
167,0.08419833333333332
168,0.09191277777777779
169,0.11552111111111112
170,0.11495388888888887
171,0.12308944444444443
172,0.09921833333333334
173,0.07959999999999999
174,0.10855055555555555
175,0.13427611111111112
176,0.15993222222222223
177,0.14018833333333333
178,0.2129611111111111
179,0.199095
180,0.1728
181,0.25744222222222224
182,0.1601761111111111
183,0.12557722222222223
184,0.16567777777777778
185,0.17374944444444443
186,0.11523777777777777
187,0.12448777777777778
188,0.09844055555555556
189,0.12349555555555554
190,0.10683833333333333
191,0.1251722222222222
192,0.1068788888888889
193,0.13722777777777778
194,0.12341388888888888
195,0.09388888888888888
196,0.13007888888888888
197,0.08322944444444444
198,0.10943222222222222
199,0.0958761111111111
200,0.14320388888888888
201,0.1321027777777778
202,0.11449722222222222
203,0.11807333333333332
204,0.137795
205,0.12998
206,0.09873944444444444
207,0.11937388888888889
208,0.10097333333333333
209,0.12700333333333333
210,0.07490277777777779
211,0.06753333333333333
212,0.06484444444444444
213,0.0822311111111111
214,0.07012777777777777
215,0.12016833333333334
216,0.09845777777777778
217,0.11083611111111111
218,0.10998722222222222
219,0.10422333333333333
220,0.12017611111111111
221,0.09147277777777778
222,0.09941444444444444
223,0.09707444444444444
224,0.07928944444444445
225,0.1303511111111111
226,0.10683055555555557
227,0.10786333333333334
228,0.1582838888888889
229,0.12621000000000002
