residue,SEQ,residue_pi,SCORE,avg_rmsf_all_ph,delta_rmsf,avg_sasa_all_ph,delta_sasa
30,T,5.6,1.19,0.18873833333333334,0.04905499999999999,1.3016222222222222,0.4045000000000001
31,V,5.96,-0.753,0.12387277777777778,0.02590000000000002,0.17083888888888887,0.09905
32,H,7.95,0.417,0.15853333333333333,0.03558999999999998,1.0717722222222221,0.09509999999999996
33,S,5.68,-0.352,0.11159277777777778,0.012799999999999992,0.1749888888888889,0.12209999999999999
34,S,5.68,0.388,0.1408711111111111,0.024415000000000006,0.9834222222222222,0.08520000000000005
35,E,3.22,0.879,0.15716444444444444,0.03504500000000002,1.0187222222222223,0.07929999999999993
36,P,6.3,2.332,0.12465666666666667,0.019059999999999994,0.8621222222222222,0.13100000000000012
37,E,3.22,1.651,0.13338833333333333,0.026640000000000025,0.7726055555555555,0.17214999999999991
38,V,5.96,-0.06,0.09333388888888888,0.013940000000000008,0.1767,0.08349999999999999
39,R,10.76,1.044,0.12545666666666666,0.024815000000000018,1.36355,0.07774999999999999
40,I,6.02,-1.014,0.09727555555555556,0.022400000000000003,0.33206111111111114,0.06640000000000001
41,P,6.3,0.672,0.10451777777777777,0.028569999999999998,0.4176777777777778,0.11979999999999996
42,E,3.22,-1.231,0.12230333333333333,0.035595,0.5795277777777778,0.2573
43,N,5.41,-0.899,0.12846666666666667,0.015915,1.114888888888889,0.09169999999999989
44,N,5.41,0.829,0.1084161111111111,0.017409999999999995,0.5711999999999999,0.04410000000000003
45,P,6.3,0.852,0.09585666666666667,0.01697,0.9208666666666667,0.026249999999999996
46,V,5.96,0.109,0.08079555555555556,0.013920000000000002,0.1384,0.02745000000000003
47,K,9.74,-0.38,0.12139166666666666,0.01913999999999999,1.229372222222222,0.13310000000000022
48,L,5.98,-0.866,0.07717388888888889,0.006400000000000003,0.0034888888888888886,0.0048000000000000004
49,S,5.68,0.706,0.09261555555555556,0.016649999999999998,0.2637111111111111,0.13305000000000003
50,C,5.07,-1.357,0.09465611111111111,0.015480000000000008,0.02895,0.00935
51,A,6.0,1.237,0.1123838888888889,0.023049999999999987,0.44391111111111115,0.14539999999999992
52,Y,5.66,-0.443,0.11621999999999999,0.01875500000000002,0.5393833333333333,0.06310000000000004
53,S,5.68,-0.36,0.15823333333333334,0.03492999999999999,0.8722888888888889,0.19145000000000012
54,G,5.97,0.377,0.16607444444444444,0.03102000000000002,0.7585555555555555,0.04465000000000008
55,F,5.48,-0.606,0.14420611111111112,0.016125,0.32569444444444445,0.07824999999999999
56,S,5.68,0.639,0.17661500000000002,0.022700000000000026,0.9884333333333333,0.2991999999999998
57,S,5.68,0.804,0.16154,0.016770000000000007,0.8673555555555557,0.2618499999999999
58,P,6.3,0.756,0.1290888888888889,0.013759999999999994,0.4086777777777778,0.07429999999999998
59,R,10.76,-1.271,0.11922222222222222,0.01264499999999999,0.6163944444444445,0.28745
60,V,5.96,0.061,0.08917611111111111,0.010029999999999997,0.018027777777777778,0.0152
61,E,3.22,-1.266,0.09927166666666666,0.009994999999999976,0.19041666666666668,0.049850000000000005
62,W,5.89,-1.266,0.062035,0.01266500000000001,0.0019333333333333331,0.0031
63,K,9.74,-1.169,0.11082333333333333,0.022105,0.6196666666666667,0.07395000000000007
64,F,5.48,-0.651,0.09620111111111111,0.019464999999999996,0.08905555555555555,0.08064999999999999
65,D,2.77,0.246,0.13611722222222222,0.023630000000000012,0.5156833333333333,0.24935000000000002
66,Q,5.65,3.006,0.1652,0.07057,0.8178722222222222,0.3409500000000001
67,G,5.97,0.819,0.19369666666666668,0.05654999999999999,0.7028666666666666,0.2851
68,D,2.77,0.667,0.2426872222222222,0.05534999999999998,1.5390666666666666,0.38654999999999995
69,T,5.6,-0.164,0.20126222222222223,0.04985500000000001,0.8571555555555556,0.23715000000000008
70,T,5.6,-0.193,0.15011888888888889,0.036739999999999995,0.7620333333333333,0.19510000000000005
71,R,10.76,0.869,0.15421222222222222,0.03294,1.197988888888889,0.2681500000000001
72,L,5.98,-0.264,0.11700611111111112,0.020845000000000002,0.8015,0.10385
73,V,5.96,-0.673,0.0786788888888889,0.017984999999999987,0.0007555555555555556,0.0020000000000000005
74,C,5.07,0.174,0.07748555555555556,0.013899999999999996,0.0003777777777777778,0.0006500000000000001
75,Y,5.66,0.047,0.1324238888888889,0.015720000000000012,1.275311111111111,0.11414999999999997
76,N,5.41,0.48,0.1251611111111111,0.013729999999999992,0.7193,0.08404999999999996
77,N,5.41,0.933,0.11102333333333333,0.010749999999999996,0.5617055555555556,0.054750000000000076
78,K,9.74,0.398,0.15701944444444446,0.02400499999999997,1.5705833333333332,0.17684999999999995
79,I,6.02,0.467,0.09235333333333334,0.01814499999999998,0.2098722222222222,0.05334999999999998
80,T,5.6,-1.039,0.10695722222222222,0.024080000000000004,0.29746666666666666,0.07369999999999999
81,A,6.0,1.503,0.13471166666666667,0.03775499999999998,0.9366444444444445,0.12839999999999996
82,S,5.68,1.5,0.13379722222222223,0.029850000000000015,1.0085555555555556,0.061650000000000094
83,Y,5.66,-0.955,0.09592722222222222,0.013275000000000009,0.18976666666666667,0.11039999999999997
84,E,3.22,0.966,0.14530555555555555,0.01579,1.0926333333333333,0.07000000000000006
85,D,2.77,1.917,0.15221944444444446,0.017369999999999997,1.3543555555555555,0.08394999999999997
86,R,10.76,-1.274,0.09616222222222222,0.017159999999999995,0.69805,0.07740000000000002
87,V,5.96,-0.618,0.08418722222222222,0.009709999999999996,0.035166666666666666,0.014249999999999999
88,T,5.6,0.497,0.10677777777777778,0.009834999999999997,0.68335,0.05454999999999999
89,F,5.48,0.744,0.09652444444444444,0.012525000000000008,0.5376333333333334,0.0675
90,L,5.98,0.291,0.12489888888888889,0.02377,0.8509166666666667,0.27990000000000004
91,P,6.3,2.635,0.12109166666666667,0.022699999999999998,0.858688888888889,0.21055000000000001
92,T,5.6,0.756,0.11664777777777778,0.02738500000000002,0.7456555555555555,0.1140500000000001
93,G,5.97,-0.302,0.08128777777777778,0.011205000000000007,0.01642222222222222,0.019549999999999998
94,I,6.02,-0.975,0.06670277777777778,0.005635000000000001,0.0008277777777777778,0.0024000000000000002
95,T,5.6,-0.048,0.08228055555555555,0.009475000000000011,0.3265055555555556,0.04535
96,F,5.48,-0.618,0.08638722222222223,0.020239999999999994,0.009411111111111111,0.01555
97,K,9.74,1.175,0.13844555555555557,0.015044999999999975,1.3367,0.24764999999999993
98,S,5.68,-0.26,0.10239111111111111,0.015985000000000013,0.5048277777777778,0.13009999999999988
99,V,5.96,-0.856,0.09158166666666667,0.01192,0.0017333333333333335,0.0029500000000000004
100,T,5.6,-1.049,0.10564166666666666,0.012459999999999985,0.5308388888888889,0.05059999999999998
101,R,10.76,-0.978,0.11773666666666667,0.017284999999999995,0.9991555555555556,0.041099999999999914
102,E,3.22,0.623,0.150365,0.015394999999999992,1.458022222222222,0.08410000000000006
103,D,2.77,-1.371,0.08724555555555555,0.010565000000000005,0.07922777777777777,0.03759999999999998
104,T,5.6,-0.389,0.10610555555555555,0.013844999999999996,0.39339999999999997,0.20820000000000005
105,G,5.97,-1.286,0.09750222222222221,0.011900000000000008,0.10727777777777778,0.08564999999999998
106,T,5.6,1.326,0.10810388888888889,0.022010000000000002,0.36278333333333335,0.10670000000000002
107,Y,5.66,-1.272,0.07412166666666667,0.013429999999999997,0.004705555555555556,0.007249999999999999
108,T,5.6,0.055,0.08989555555555556,0.017924999999999996,0.03423333333333333,0.0254
109,C,5.07,-1.358,0.07466055555555556,0.011404999999999998,0.0007333333333333333,0.0018499999999999999
110,M,5.74,-0.872,0.09428333333333333,0.018690000000000012,0.2067388888888889,0.04049999999999998
111,V,5.96,-1.249,0.09952555555555556,0.012450000000000017,0.0002277777777777778,0.0004
112,S,5.68,-0.731,0.11388833333333334,0.009969999999999979,0.09992777777777778,0.025900000000000006
113,E,3.22,0.155,0.16041222222222223,0.020454999999999973,0.3551111111111111,0.15614999999999996
114,E,3.22,1.697,0.20878666666666668,0.03645499999999999,1.2398055555555556,0.2694000000000001
115,G,5.97,0.863,0.19184166666666666,0.026795000000000013,0.8020611111111111,0.17315000000000003
116,G,5.97,0.914,0.18078444444444444,0.02001,0.5922055555555555,0.19419999999999998
117,N,5.41,0.874,0.1931622222222222,0.03952499999999998,1.0369444444444444,0.43379999999999985
118,S,5.68,1.257,0.1573538888888889,0.010625000000000023,0.670088888888889,0.2925500000000001
119,Y,5.66,0.161,0.1364238888888889,0.016845,1.335061111111111,0.10220000000000007
120,G,5.97,1.377,0.11459,0.015949999999999992,0.11871666666666665,0.04200000000000002
121,E,3.22,-0.635,0.13523666666666667,0.01911500000000002,0.7731722222222221,0.11685000000000001
122,V,5.96,0.629,0.10520555555555555,0.019214999999999982,0.23677777777777775,0.033549999999999996
123,K,9.74,1.064,0.1329061111111111,0.016280000000000003,1.17985,0.10504999999999987
124,V,5.96,-0.699,0.08949111111111112,0.011630000000000001,0.003266666666666667,0.00945
125,K,9.74,1.276,0.14050944444444446,0.028525000000000023,1.0057777777777777,0.09229999999999994
126,L,5.98,-1.089,0.08677055555555556,0.012765000000000012,0.0024111111111111113,0.00245
127,I,6.02,0.368,0.11115055555555554,0.009969999999999979,0.22668333333333335,0.19990000000000002
128,V,5.96,-1.381,0.09881055555555557,0.015555000000000013,0.0065611111111111104,0.042899999999999994
129,L,5.98,-0.743,0.10983055555555556,0.02809500000000001,0.19851666666666667,0.13579999999999998
130,V,5.96,-1.411,0.10806666666666667,0.029084999999999986,0.09613333333333333,0.03889999999999999
131,P,6.3,-0.681,0.10102611111111111,0.021584999999999993,0.57585,0.18194999999999995
132,P,6.3,-1.165,0.09120500000000001,0.016405000000000003,0.062000000000000006,0.016149999999999998
133,S,5.68,-0.77,0.09234,0.014354999999999993,0.3205,0.050500000000000045
134,K,9.74,0.374,0.1323777777777778,0.01995999999999999,1.3037,0.11790000000000012
135,P,6.3,-1.377,0.08553166666666666,0.012914999999999996,0.03306666666666666,0.015150000000000004
136,T,5.6,0.721,0.11985166666666666,0.01865499999999999,0.856,0.08644999999999992
137,V,5.96,-0.718,0.09727999999999999,0.019549999999999998,0.15639999999999998,0.10650000000000003
138,N,5.41,0.516,0.1322127777777778,0.03515,0.8671166666666666,0.060350000000000126
139,I,6.02,-0.465,0.13067666666666666,0.05656499999999999,0.6442222222222223,0.9684000000000001
140,P,6.3,-1.377,0.13468555555555556,0.03265499999999999,0.3620388888888889,0.23015
141,S,5.68,-0.097,0.194485,0.021549999999999986,1.20665,0.3600500000000001
142,S,5.68,-1.075,0.19647611111111113,0.036274999999999974,1.0196333333333334,0.5249499999999999
143,A,6.0,-0.792,0.15523444444444445,0.02834500000000001,0.38082222222222223,0.17204999999999998
144,T,5.6,-0.888,0.17051444444444444,0.02668999999999999,0.8721666666666666,0.0927
145,I,6.02,-0.987,0.15232,0.024205000000000004,1.0183444444444443,0.09119999999999995
146,G,5.97,-0.615,0.14856833333333333,0.01699500000000001,0.5090611111111111,0.018299999999999927
147,N,5.41,0.478,0.17180833333333334,0.013899999999999996,0.8966722222222222,0.06269999999999998
148,R,10.76,1.567,0.1701472222222222,0.017679999999999974,1.6191055555555556,0.12525000000000008
149,A,6.0,0.038,0.11067388888888889,0.010725000000000012,0.04242222222222222,0.0401
150,V,5.96,0.935,0.11622444444444444,0.010025000000000006,0.7434055555555555,0.25334999999999996
151,L,5.98,-1.209,0.09513833333333332,0.018789999999999987,0.0016111111111111111,0.00435
152,T,5.6,0.16,0.10883388888888888,0.01254000000000001,0.49974444444444444,0.08329999999999999
153,C,5.07,-1.357,0.08678333333333334,0.013205000000000008,0.0275,0.039999999999999994
154,S,5.68,0.751,0.10334166666666667,0.020949999999999996,0.4765055555555555,0.16704999999999992
155,E,3.22,-1.299,0.09823944444444445,0.01469999999999999,0.14255,0.03910000000000001
156,Q,5.65,2.036,0.17996055555555557,0.02631,1.6057,0.18094999999999994
157,D,2.77,0.454,0.13051555555555555,0.01643,0.64745,0.11734999999999995
158,G,5.97,-0.345,0.10974222222222223,0.018130000000000007,0.11561666666666667,0.022650000000000003
159,S,5.68,-1.118,0.12046333333333334,0.025459999999999997,0.2258555555555556,0.33885
160,P,6.3,-1.377,0.1212961111111111,0.02003499999999997,0.31396666666666667,0.218
161,P,6.3,-0.204,0.12126444444444445,0.02223,1.22685,0.06130000000000013
162,S,5.68,-0.297,0.09361722222222223,0.016869999999999996,0.048105555555555554,0.02205
163,E,3.22,-0.276,0.12737833333333334,0.018070000000000003,0.8882555555555556,0.26625
164,Y,5.66,-0.894,0.07989555555555555,0.011455000000000007,0.1698222222222222,0.051949999999999996
165,T,5.6,1.155,0.07471888888888889,0.014190000000000008,0.37880555555555556,0.1452
166,W,5.89,-1.354,0.06390944444444444,0.008780000000000003,0.005533333333333333,0.0039
167,F,5.48,0.391,0.08419833333333332,0.01389,0.4743833333333333,0.0917
168,K,9.74,-0.529,0.09191277777777779,0.013275000000000009,0.2882388888888889,0.12925
169,D,2.77,-0.134,0.11552111111111112,0.031055,0.8295222222222223,0.2024499999999999
170,G,5.97,1.091,0.11495388888888887,0.023864999999999983,0.6731555555555555,0.09204999999999997
171,I,6.02,0.819,0.12308944444444443,0.02071500000000001,1.0229388888888888,0.11715000000000009
172,V,5.96,1.513,0.09921833333333334,0.013414999999999996,0.7980555555555555,0.0474
173,M,5.74,-0.768,0.07959999999999999,0.013009999999999994,0.06783333333333334,0.024049999999999995
174,P,6.3,-0.64,0.10855055555555555,0.02023499999999999,0.4077388888888889,0.0811
175,T,5.6,1.671,0.13427611111111112,0.016125,0.7850555555555556,0.12454999999999994
176,N,5.41,0.13,0.15993222222222223,0.031799999999999995,0.9140611111111111,0.12114999999999987
177,P,6.3,-1.032,0.14018833333333333,0.035314999999999985,0.17193333333333333,0.15719999999999998
178,K,9.74,-0.493,0.2129611111111111,0.06564,1.5928555555555557,0.3118000000000001
179,S,5.68,0.725,0.199095,0.05334999999999998,0.9844222222222222,0.42395000000000016
180,T,5.6,0.06,0.1728,0.006210000000000021,0.4904555555555555,0.1750500000000001
181,R,10.76,0.399,0.25744222222222224,0.042429999999999995,2.350661111111111,0.18184999999999985
182,A,6.0,1.134,0.1601761111111111,0.020415000000000016,0.7559777777777777,0.23775000000000002
183,F,5.48,-0.644,0.12557722222222223,0.023925000000000002,0.20197777777777778,0.18800000000000003
184,S,5.68,0.078,0.16567777777777778,0.032344999999999985,0.5328111111111111,0.3455
185,N,5.41,-1.372,0.17374944444444443,0.033564999999999956,1.386738888888889,0.10349999999999993
186,S,5.68,-0.459,0.11523777777777777,0.020434999999999967,0.11723333333333333,0.0543
187,S,5.68,-1.248,0.12448777777777778,0.024464999999999987,0.5066,0.14550000000000002
188,Y,5.66,-1.274,0.09844055555555556,0.024539999999999992,0.11533333333333334,0.0464
189,V,5.96,0.51,0.12349555555555554,0.02152000000000001,0.9425888888888889,0.10080000000000011
190,L,5.98,0.261,0.10683833333333333,0.017780000000000004,0.13183333333333336,0.035449999999999995
191,N,5.41,-0.723,0.1251722222222222,0.02821499999999999,0.6432055555555556,0.014449999999999963
192,P,6.3,2.844,0.1068788888888889,0.020544999999999994,0.44456111111111113,0.09969999999999996
193,T,5.6,1.477,0.13722777777777778,0.01685500000000001,0.9534666666666666,0.12480000000000002
194,T,5.6,0.055,0.12341388888888888,0.01725,0.7816055555555556,0.13595000000000002
195,G,5.97,-1.28,0.09388888888888888,0.014089999999999991,0.00045,0.0015
196,E,3.22,-0.038,0.13007888888888888,0.014525000000000024,0.7388333333333333,0.06255
197,L,5.98,-1.337,0.08322944444444444,0.011554999999999996,0.00021666666666666668,0.0016
198,V,5.96,0.718,0.10943222222222222,0.012800000000000006,0.3111555555555556,0.054649999999999976
199,F,5.48,-1.208,0.0958761111111111,0.012999999999999984,0.007572222222222222,0.006349999999999999
200,D,2.77,0.273,0.14320388888888888,0.014759999999999995,0.5523555555555555,0.1059
201,P,6.3,0.642,0.1321027777777778,0.01474499999999998,0.7149055555555556,0.044399999999999995
202,L,5.98,0.101,0.11449722222222222,0.009240000000000012,0.03315,0.049199999999999994
203,S,5.68,0.953,0.11807333333333332,0.020145000000000024,0.3592944444444444,0.04269999999999996
204,A,6.0,-0.43,0.137795,0.025935000000000014,0.7585000000000001,0.05449999999999999
205,S,5.68,2.02,0.12998,0.02182499999999997,0.8441944444444445,0.14254999999999995
206,D,2.77,-1.374,0.09873944444444444,0.01208999999999999,0.040655555555555556,0.027499999999999997
207,T,5.6,0.122,0.11937388888888889,0.01997,0.5952222222222222,0.16160000000000008
208,G,5.97,-0.86,0.10097333333333333,0.015689999999999996,0.10806111111111111,0.1059
209,E,3.22,0.245,0.12700333333333333,0.02548500000000002,0.8121222222222222,0.3568499999999999
210,Y,5.66,-1.275,0.07490277777777779,0.012014999999999998,0.0064444444444444445,0.01915
211,S,5.68,1.045,0.06753333333333333,0.007664999999999991,0.17923333333333333,0.06675
212,C,5.07,-1.358,0.06484444444444444,0.009470000000000006,0.00045,0.0010500000000000002
213,E,3.22,-0.656,0.0822311111111111,0.009190000000000004,0.34405555555555556,0.11165000000000003
214,A,6.0,-0.967,0.07012777777777777,0.01407499999999999,2.777777777777778e-05,0.00015000000000000001
215,R,10.76,1.383,0.12016833333333334,0.039115,1.1421777777777777,0.2208000000000001
216,N,5.41,-1.421,0.09845777777777778,0.017220000000000013,0.23626666666666665,0.04770000000000002
217,G,5.97,0.906,0.11083611111111111,0.01944999999999998,0.7220777777777778,0.17065000000000008
218,Y,5.66,-0.272,0.10998722222222222,0.03967499999999999,0.8738944444444444,0.045399999999999996
219,G,5.97,-1.191,0.10422333333333333,0.029219999999999982,0.49466666666666664,0.09395000000000003
220,T,5.6,1.816,0.12017611111111111,0.025105000000000002,1.051877777777778,0.02310000000000012
221,P,6.3,0.826,0.09147277777777778,0.023809999999999998,0.5647666666666668,0.13180000000000003
222,M,5.74,-0.463,0.09941444444444444,0.01210499999999999,0.6386444444444445,0.03869999999999996
223,T,5.6,0.551,0.09707444444444444,0.006905000000000008,0.6897833333333333,0.0535500000000001
224,S,5.68,-0.945,0.07928944444444445,0.01331499999999998,0.10394444444444445,0.052099999999999994
225,N,5.41,1.035,0.1303511111111111,0.017955000000000026,1.1835777777777778,0.19999999999999996
226,A,6.0,0.672,0.10683055555555557,0.010425000000000018,0.6074444444444445,0.1491499999999999
227,V,5.96,1.066,0.10786333333333334,0.013700000000000004,0.3911777777777778,0.3497
228,R,10.76,1.129,0.1582838888888889,0.02870000000000003,1.7305166666666667,0.22029999999999994
229,M,5.74,-1.254,0.12621000000000002,0.02240499999999998,0.4026166666666666,0.2188
